{
  "name": "angular-route",
  "version": "1.8.0",
  "license": "MIT",
  "main": "./angular-route.js",
  "ignore": [],
  "dependencies": {
    "angular": "1.8.0"
  },
  "homepage": "https://github.com/angular/bower-angular-route",
  "_release": "1.8.0",
  "_resolution": {
    "type": "version",
    "tag": "v1.8.0",
    "commit": "3a1a7073d61940717ac7961732b76f1ebf0c8982"
  },
  "_source": "https://github.com/angular/bower-angular-route.git",
  "_target": "^1.8.0",
  "_originalSource": "angular-route",
  "_direct": true
}